run_id,n,iterations,execution_time,success,initial_conflicts,final_conflicts,conflict_delta,avg_conflicts_per_iteration,time_per_iteration
1,10000,6255,184.405132,1,0,0,0,0.000000,0.029481
2,10000,6287,189.420646,1,0,0,0,0.000000,0.030129
3,10000,6205,186.342281,1,0,0,0,0.000000,0.030031
4,10000,6229,185.591344,1,0,0,0,0.000000,0.029795
5,10000,6220,185.119246,1,0,0,0,0.000000,0.029762
