run_id,n,iterations,execution_time,success,initial_conflicts,final_conflicts,conflict_delta,avg_conflicts_per_iteration,time_per_iteration
1,10000,6221,144.864113,1,0,0,0,0.000000,0.023286
2,10000,6284,176.845237,1,0,0,0,0.000000,0.028142
3,10000,6236,171.966519,1,0,0,0,0.000000,0.027576
4,10000,6176,159.910141,1,0,0,0,0.000000,0.025892
5,10000,6204,136.445184,1,0,0,0,0.000000,0.021993
