run_id,n,iterations,execution_time,success,initial_conflicts,final_conflicts,conflict_delta,avg_conflicts_per_iteration,time_per_iteration
1,10000,6179,204.819520,1,0,0,0,0.000000,0.033148
2,10000,6197,213.122024,1,0,0,0,0.000000,0.034391
3,10000,6190,204.023884,1,0,0,0,0.000000,0.032960
4,10000,6184,205.826024,1,0,0,0,0.000000,0.033284
5,10000,6210,186.490937,1,0,0,0,0.000000,0.030031
