run_id,n,iterations,execution_time,success,initial_conflicts,final_conflicts,conflict_delta,avg_conflicts_per_iteration,time_per_iteration
1,10,35,0.000000,1,,0,,0.000000,0.000000
2,10,19,0.000000,1,,0,,0.000000,0.000000
3,10,40,0.000000,1,,0,,0.000000,0.000000
4,10,135,0.005369,1,,0,,0.000000,0.000040
5,10,69,0.001994,1,,0,,0.000000,0.000029
